device,model,task,image_id,latency_ms,resolution,measured_at
cpu,yolo11n,detection,000000000009,241.22311899554916,640,2026-07-01
cpu,yolo11n,detection,000000000025,252.17488600173965,640,2026-07-01
cpu,yolo11n,detection,000000000030,155.97506499034353,640,2026-07-01
cpu,yolo11n,detection,000000000034,186.61762299598195,640,2026-07-01
cpu,yolo11n,detection,000000000036,240.03704701317474,640,2026-07-01
cpu,yolo11n,detection,000000000042,260.98495797486976,640,2026-07-01
cpu,yolo11n,detection,000000000049,221.87744997791015,640,2026-07-01
cpu,yolo11n,detection,000000000061,151.39246699982323,640,2026-07-01
cpu,yolo11n,detection,000000000064,310.25437300559133,640,2026-07-01
cpu,yolo11n,detection,000000000071,290.80123800667934,640,2026-07-01
cpu,yolo11n,detection,000000000072,223.4101509966422,640,2026-07-01
cpu,yolo11n,detection,000000000073,153.1102079898119,640,2026-07-01
cpu,yolo11n,detection,000000000074,240.10759897646494,640,2026-07-01
cpu,yolo11n,detection,000000000077,292.43215499445796,640,2026-07-01
cpu,yolo11n,detection,000000000078,365.37141099688597,640,2026-07-01
cpu,yolo11n,detection,000000000081,167.84777998691425,640,2026-07-01
cpu,yolo11n,detection,000000000086,293.6759529984556,640,2026-07-01
cpu,yolo11n,detection,000000000089,329.8937559884507,640,2026-07-01
cpu,yolo11n,detection,000000000092,225.147664983524,640,2026-07-01
cpu,yolo11n,detection,000000000094,204.14666199940257,640,2026-07-01
cpu,yolo11n,detection,000000000109,286.71243198914453,640,2026-07-01
cpu,yolo11n,detection,000000000110,275.95443502650596,640,2026-07-01
cpu,yolo11n,detection,000000000113,211.3571199879516,640,2026-07-01
cpu,yolo11n,detection,000000000127,159.19398699770682,640,2026-07-01
cpu,yolo11n,detection,000000000133,303.11280899331905,640,2026-07-01
cpu,yolo11n,detection,000000000136,322.9864429740701,640,2026-07-01
cpu,yolo11n,detection,000000000138,216.24862900353037,640,2026-07-01
cpu,yolo11n,detection,000000000142,161.10318401479162,640,2026-07-01
cpu,yolo11n,detection,000000000143,233.63479899126105,640,2026-07-01
cpu,yolo11n,detection,000000000144,266.50250802049413,640,2026-07-01
cpu,yolo11n,detection,000000000149,245.4860259895213,640,2026-07-01
cpu,yolo11n,detection,000000000151,157.20517002046108,640,2026-07-01
cpu,yolo11n,detection,000000000154,170.2498510130681,640,2026-07-01
cpu,yolo11n,detection,000000000164,261.28114500897937,640,2026-07-01
cpu,yolo11n,detection,000000000165,265.0854669918772,640,2026-07-01
cpu,yolo11n,detection,000000000192,210.0932970060967,640,2026-07-01
cpu,yolo11n,detection,000000000194,147.66330301063135,640,2026-07-01
cpu,yolo11n,detection,000000000196,215.63237698865123,640,2026-07-01
cpu,yolo11n,detection,000000000201,286.82956800912507,640,2026-07-01
cpu,yolo11n,detection,000000000208,301.2633280013688,640,2026-07-01
cpu,yolo11n,detection,000000000241,196.0817130166106,640,2026-07-01
cpu,yolo11n,detection,000000000247,213.05012400262058,640,2026-07-01
cpu,yolo11n,detection,000000000250,275.0150990032125,640,2026-07-01
cpu,yolo11n,detection,000000000257,269.91669900598936,640,2026-07-01
cpu,yolo11n,detection,000000000260,187.461583991535,640,2026-07-01
cpu,yolo11n,detection,000000000263,230.911663005827,640,2026-07-01
cpu,yolo11n,detection,000000000283,249.2971080064308,640,2026-07-01
cpu,yolo11n,detection,000000000294,357.5977839936968,640,2026-07-01
cpu,yolo11n,detection,000000000307,216.48532900144346,640,2026-07-01
cpu,yolo11n,detection,000000000308,275.55124199716374,640,2026-07-01
cpu,yolo11n,detection,000000000309,244.6120939857792,640,2026-07-01
cpu,yolo11n,detection,000000000312,273.1568180024624,640,2026-07-01
cpu,yolo11n,detection,000000000315,272.80395198613405,640,2026-07-01
cpu,yolo11n,detection,000000000321,277.42142899660394,640,2026-07-01
cpu,yolo11n,detection,000000000322,313.13581799622625,640,2026-07-01
cpu,yolo11n,detection,000000000326,235.78879999695346,640,2026-07-01
cpu,yolo11n,detection,000000000328,179.471152019687,640,2026-07-01
cpu,yolo11n,detection,000000000332,284.7644589783158,640,2026-07-01
cpu,yolo11n,detection,000000000338,286.40954598085955,640,2026-07-01
cpu,yolo11n,detection,000000000349,239.63746498338878,640,2026-07-01
cpu,yolo11n,detection,000000000357,177.4261400278192,640,2026-07-01
cpu,yolo11n,detection,000000000359,355.2714599936735,640,2026-07-01
cpu,yolo11n,detection,000000000360,342.16354999807663,640,2026-07-01
cpu,yolo11n,detection,000000000368,192.67059399862774,640,2026-07-01
cpu,yolo11n,detection,000000000370,219.54390802420676,640,2026-07-01
cpu,yolo11n,detection,000000000382,266.3305229798425,640,2026-07-01
cpu,yolo11n,detection,000000000384,224.81694800080732,640,2026-07-01
cpu,yolo11n,detection,000000000387,218.14739899127744,640,2026-07-01
cpu,yolo11n,detection,000000000389,159.9535109999124,640,2026-07-01
cpu,yolo11n,detection,000000000394,314.75699198199436,640,2026-07-01
cpu,yolo11n,detection,000000000395,208.30474299145862,640,2026-07-01
cpu,yolo11n,detection,000000000397,245.2592299960088,640,2026-07-01
cpu,yolo11n,detection,000000000400,152.12267800234258,640,2026-07-01
cpu,yolo11n,detection,000000000404,192.68692599143833,640,2026-07-01
cpu,yolo11n,detection,000000000415,228.7185080058407,640,2026-07-01
cpu,yolo11n,detection,000000000419,262.24744200590067,640,2026-07-01
cpu,yolo11n,detection,000000000428,214.42221498000436,640,2026-07-01
cpu,yolo11n,detection,000000000431,160.47701900242828,640,2026-07-01
cpu,yolo11n,detection,000000000436,389.34630900621414,640,2026-07-01
cpu,yolo11n,detection,000000000438,245.53147298865952,640,2026-07-01
cpu,yolo11n,detection,000000000443,220.94250700320117,640,2026-07-01
cpu,yolo11n,detection,000000000446,211.58383000874892,640,2026-07-01
cpu,yolo11n,detection,000000000450,343.25080100097694,640,2026-07-01
cpu,yolo11n,detection,000000000459,241.70241999672726,640,2026-07-01
cpu,yolo11n,detection,000000000471,209.5145280181896,640,2026-07-01
cpu,yolo11n,detection,000000000472,145.92303699464537,640,2026-07-01
cpu,yolo11n,detection,000000000474,305.6947599980049,640,2026-07-01
cpu,yolo11n,detection,000000000486,271.47779799997807,640,2026-07-01
cpu,yolo11n,detection,000000000488,218.9229229988996,640,2026-07-01
cpu,yolo11n,detection,000000000490,141.43642500857823,640,2026-07-01
cpu,yolo11n,detection,000000000491,254.5923109864816,640,2026-07-01
cpu,yolo11n,detection,000000000502,269.57229000981897,640,2026-07-01
cpu,yolo11n,detection,000000000508,232.39353401004337,640,2026-07-01
cpu,yolo11n,detection,000000000510,202.67470701946877,640,2026-07-01
cpu,yolo11n,detection,000000000514,189.95346300653182,640,2026-07-01
cpu,yolo11n,detection,000000000520,234.11016500904225,640,2026-07-01
cpu,yolo11n,detection,000000000529,302.06924700178206,640,2026-07-01
cpu,yolo11n,detection,000000000531,250.5039579991717,640,2026-07-01
cpu,yolo11n,detection,000000000532,207.41433301009238,640,2026-07-01
cpu,yolo11n,detection,000000000536,237.12531599448994,640,2026-07-01
cpu,yolo11n-seg,segmentation,000000000009,361.41709799994715,640,2026-07-01
cpu,yolo11n-seg,segmentation,000000000025,458.1566249835305,640,2026-07-01
cpu,yolo11n-seg,segmentation,000000000030,282.3119400127325,640,2026-07-01
cpu,yolo11n-seg,segmentation,000000000034,325.86080898181535,640,2026-07-01
cpu,yolo11n-seg,segmentation,000000000036,349.62537401588634,640,2026-07-01
cpu,yolo11n-seg,segmentation,000000000042,267.2217310173437,640,2026-07-01
cpu,yolo11n-seg,segmentation,000000000049,452.53227002103813,640,2026-07-01
cpu,yolo11n-seg,segmentation,000000000061,449.20535301207565,640,2026-07-01
cpu,yolo11n-seg,segmentation,000000000064,237.6320699986536,640,2026-07-01
cpu,yolo11n-seg,segmentation,000000000071,492.8439420182258,640,2026-07-01
cpu,yolo11n-seg,segmentation,000000000072,351.2939230131451,640,2026-07-01
cpu,yolo11n-seg,segmentation,000000000073,286.55569700640626,640,2026-07-01
cpu,yolo11n-seg,segmentation,000000000074,417.0557190082036,640,2026-07-01
cpu,yolo11n-seg,segmentation,000000000077,368.5782780230511,640,2026-07-01
cpu,yolo11n-seg,segmentation,000000000078,370.24894898058847,640,2026-07-01
cpu,yolo11n-seg,segmentation,000000000081,308.654383989051,640,2026-07-01
cpu,yolo11n-seg,segmentation,000000000086,290.55116401286796,640,2026-07-01
cpu,yolo11n-seg,segmentation,000000000089,416.04747500969097,640,2026-07-01
cpu,yolo11n-seg,segmentation,000000000092,363.5632160003297,640,2026-07-01
cpu,yolo11n-seg,segmentation,000000000094,276.7198699875735,640,2026-07-01
cpu,yolo11n-seg,segmentation,000000000109,352.404983015731,640,2026-07-01
cpu,yolo11n-seg,segmentation,000000000110,550.4715070128441,640,2026-07-01
cpu,yolo11n-seg,segmentation,000000000113,338.9884250063915,640,2026-07-01
cpu,yolo11n-seg,segmentation,000000000127,475.18939001020044,640,2026-07-01
cpu,yolo11n-seg,segmentation,000000000133,257.9707019904163,640,2026-07-01
cpu,yolo11n-seg,segmentation,000000000136,380.24947899975814,640,2026-07-01
cpu,yolo11n-seg,segmentation,000000000138,447.57883599959314,640,2026-07-01
cpu,yolo11n-seg,segmentation,000000000142,312.04865098698065,640,2026-07-01
cpu,yolo11n-seg,segmentation,000000000143,446.0463029972743,640,2026-07-01
cpu,yolo11n-seg,segmentation,000000000144,315.21005000104196,640,2026-07-01
cpu,yolo11n-seg,segmentation,000000000149,372.76484799804166,640,2026-07-01
cpu,yolo11n-seg,segmentation,000000000151,338.5934279940557,640,2026-07-01
cpu,yolo11n-seg,segmentation,000000000154,308.017306990223,640,2026-07-01
cpu,yolo11n-seg,segmentation,000000000164,326.7415809968952,640,2026-07-01
cpu,yolo11n-seg,segmentation,000000000165,381.45231499220245,640,2026-07-01
cpu,yolo11n-seg,segmentation,000000000192,345.9554339933675,640,2026-07-01
cpu,yolo11n-seg,segmentation,000000000194,262.0112459990196,640,2026-07-01
cpu,yolo11n-seg,segmentation,000000000196,774.2710470047314,640,2026-07-01
cpu,yolo11n-seg,segmentation,000000000201,397.17759599443525,640,2026-07-01
cpu,yolo11n-seg,segmentation,000000000208,339.955772011308,640,2026-07-01
cpu,yolo11n-seg,segmentation,000000000241,432.82409801031463,640,2026-07-01
cpu,yolo11n-seg,segmentation,000000000247,482.8173239948228,640,2026-07-01
cpu,yolo11n-seg,segmentation,000000000250,256.8361349985935,640,2026-07-01
cpu,yolo11n-seg,segmentation,000000000257,494.69800599035807,640,2026-07-01
cpu,yolo11n-seg,segmentation,000000000260,359.41887699300423,640,2026-07-01
cpu,yolo11n-seg,segmentation,000000000263,233.48570702364668,640,2026-07-01
cpu,yolo11n-seg,segmentation,000000000283,313.94180600182153,640,2026-07-01
cpu,yolo11n-seg,segmentation,000000000294,359.47091900743544,640,2026-07-01
cpu,yolo11n-seg,segmentation,000000000307,265.06647499627434,640,2026-07-01
cpu,yolo11n-seg,segmentation,000000000308,336.10697998665273,640,2026-07-01
cpu,yolo11n-seg,segmentation,000000000309,446.1434339755215,640,2026-07-01
cpu,yolo11n-seg,segmentation,000000000312,283.8856960006524,640,2026-07-01
cpu,yolo11n-seg,segmentation,000000000315,519.3272229807917,640,2026-07-01
cpu,yolo11n-seg,segmentation,000000000321,346.9406359945424,640,2026-07-01
cpu,yolo11n-seg,segmentation,000000000322,553.4244129958097,640,2026-07-01
cpu,yolo11n-seg,segmentation,000000000326,439.336176001234,640,2026-07-01
cpu,yolo11n-seg,segmentation,000000000328,279.0315379970707,640,2026-07-01
cpu,yolo11n-seg,segmentation,000000000332,622.4646260088775,640,2026-07-01
cpu,yolo11n-seg,segmentation,000000000338,259.0264169848524,640,2026-07-01
cpu,yolo11n-seg,segmentation,000000000349,312.7315820020158,640,2026-07-01
cpu,yolo11n-seg,segmentation,000000000357,334.2858219984919,640,2026-07-01
cpu,yolo11n-seg,segmentation,000000000359,287.87311099586077,640,2026-07-01
cpu,yolo11n-seg,segmentation,000000000360,234.24946799059398,640,2026-07-01
cpu,yolo11n-seg,segmentation,000000000368,492.9441249987576,640,2026-07-01
cpu,yolo11n-seg,segmentation,000000000370,279.8922689980827,640,2026-07-01
cpu,yolo11n-seg,segmentation,000000000382,397.70748498267494,640,2026-07-01
cpu,yolo11n-seg,segmentation,000000000384,395.6777169951238,640,2026-07-01
cpu,yolo11n-seg,segmentation,000000000387,234.9724280065857,640,2026-07-01
cpu,yolo11n-seg,segmentation,000000000389,340.83494101651013,640,2026-07-01
cpu,yolo11n-seg,segmentation,000000000394,347.19306000624783,640,2026-07-01
cpu,yolo11n-seg,segmentation,000000000395,378.7777649995405,640,2026-07-01
cpu,yolo11n-seg,segmentation,000000000397,316.54701801016927,640,2026-07-01
cpu,yolo11n-seg,segmentation,000000000400,346.6914820019156,640,2026-07-01
cpu,yolo11n-seg,segmentation,000000000404,275.6191809894517,640,2026-07-01
cpu,yolo11n-seg,segmentation,000000000415,300.7187379989773,640,2026-07-01
cpu,yolo11n-seg,segmentation,000000000419,366.14193601417355,640,2026-07-01
cpu,yolo11n-seg,segmentation,000000000428,273.13842298462987,640,2026-07-01
cpu,yolo11n-seg,segmentation,000000000431,219.8370980040636,640,2026-07-01
cpu,yolo11n-seg,segmentation,000000000436,375.8628880023025,640,2026-07-01
cpu,yolo11n-seg,segmentation,000000000438,500.8132270013448,640,2026-07-01
cpu,yolo11n-seg,segmentation,000000000443,416.5895369951613,640,2026-07-01
cpu,yolo11n-seg,segmentation,000000000446,358.34754101233557,640,2026-07-01
cpu,yolo11n-seg,segmentation,000000000450,236.2110129906796,640,2026-07-01
cpu,yolo11n-seg,segmentation,000000000459,300.03888098872267,640,2026-07-01
cpu,yolo11n-seg,segmentation,000000000471,301.93155698361807,640,2026-07-01
cpu,yolo11n-seg,segmentation,000000000472,260.73250398621894,640,2026-07-01
cpu,yolo11n-seg,segmentation,000000000474,209.83390999026597,640,2026-07-01
cpu,yolo11n-seg,segmentation,000000000486,322.8945790033322,640,2026-07-01
cpu,yolo11n-seg,segmentation,000000000488,435.7181529921945,640,2026-07-01
cpu,yolo11n-seg,segmentation,000000000490,212.80983998440206,640,2026-07-01
cpu,yolo11n-seg,segmentation,000000000491,332.3204120097216,640,2026-07-01
cpu,yolo11n-seg,segmentation,000000000502,407.2107420070097,640,2026-07-01
cpu,yolo11n-seg,segmentation,000000000508,186.8968449998647,640,2026-07-01
cpu,yolo11n-seg,segmentation,000000000510,283.9150560030248,640,2026-07-01
cpu,yolo11n-seg,segmentation,000000000514,305.32254101126455,640,2026-07-01
cpu,yolo11n-seg,segmentation,000000000520,393.377928994596,640,2026-07-01
cpu,yolo11n-seg,segmentation,000000000529,394.387763022678,640,2026-07-01
cpu,yolo11n-seg,segmentation,000000000531,417.0584559906274,640,2026-07-01
cpu,yolo11n-seg,segmentation,000000000532,236.84467500424944,640,2026-07-01
cpu,yolo11n-seg,segmentation,000000000536,357.4633219977841,640,2026-07-01
cpu,sam2-tiny,segmentation,000000000009,5930.248191027204,640,2026-07-01
cpu,sam2-tiny,segmentation,000000000025,5975.512354983948,640,2026-07-01
cpu,sam2-tiny,segmentation,000000000030,6064.584433013806,640,2026-07-01
cpu,sam2-tiny,segmentation,000000000034,5571.294105000561,640,2026-07-01
cpu,sam2-tiny,segmentation,000000000036,6504.904760979116,640,2026-07-01
cpu,sam2-tiny,segmentation,000000000042,5947.692993009696,640,2026-07-01
cpu,sam2-tiny,segmentation,000000000049,6991.897386993514,640,2026-07-01
cpu,sam2-tiny,segmentation,000000000061,6746.931166009745,640,2026-07-01
cpu,sam2-tiny,segmentation,000000000064,5616.059596999548,640,2026-07-01
cpu,sam2-tiny,segmentation,000000000071,6535.585415986134,640,2026-07-01
cpu,sam2-tiny,segmentation,000000000072,6785.660249995999,640,2026-07-01
cpu,sam2-tiny,segmentation,000000000073,6313.045887014596,640,2026-07-01
cpu,sam2-tiny,segmentation,000000000074,5791.536258999258,640,2026-07-01
cpu,sam2-tiny,segmentation,000000000077,5829.002112004673,640,2026-07-01
cpu,sam2-tiny,segmentation,000000000078,5795.507383998483,640,2026-07-01
cpu,sam2-tiny,segmentation,000000000081,5651.260070007993,640,2026-07-01
cpu,sam2-tiny,segmentation,000000000086,5536.575874022674,640,2026-07-01
cpu,sam2-tiny,segmentation,000000000089,5845.68646500702,640,2026-07-01
cpu,sam2-tiny,segmentation,000000000092,5832.771121989936,640,2026-07-01
cpu,sam2-tiny,segmentation,000000000094,5880.52671100013,640,2026-07-01
cpu,sam2-tiny,segmentation,000000000109,5839.618866011733,640,2026-07-01
cpu,sam2-tiny,segmentation,000000000110,5570.60226201429,640,2026-07-01
cpu,sam2-tiny,segmentation,000000000113,5965.417739003897,640,2026-07-01
cpu,sam2-tiny,segmentation,000000000127,5859.506769018481,640,2026-07-01
cpu,sam2-tiny,segmentation,000000000133,5567.909703007899,640,2026-07-01
cpu,sam2-tiny,segmentation,000000000136,5945.697521994589,640,2026-07-01
cpu,sam2-tiny,segmentation,000000000138,5916.907375998562,640,2026-07-01
cpu,sam2-tiny,segmentation,000000000142,5786.5444690105505,640,2026-07-01
cpu,sam2-tiny,segmentation,000000000143,5719.917209993582,640,2026-07-01
cpu,sam2-tiny,segmentation,000000000144,5912.948869023239,640,2026-07-01
cpu,sam2-tiny,segmentation,000000000149,5560.370705003152,640,2026-07-01
cpu,sam2-tiny,segmentation,000000000151,6502.237047010567,640,2026-07-01
cpu,sam2-tiny,segmentation,000000000154,6120.713819022058,640,2026-07-01
cpu,sam2-tiny,segmentation,000000000164,5697.76848499896,640,2026-07-01
cpu,sam2-tiny,segmentation,000000000165,5724.479406984756,640,2026-07-01
cpu,sam2-tiny,segmentation,000000000192,5576.068952999776,640,2026-07-01
cpu,sam2-tiny,segmentation,000000000194,5662.007382023148,640,2026-07-01
cpu,sam2-tiny,segmentation,000000000196,6060.850823996589,640,2026-07-01
cpu,sam2-tiny,segmentation,000000000201,5813.824897981249,640,2026-07-01
cpu,sam2-tiny,segmentation,000000000208,5999.846013990464,640,2026-07-01
cpu,sam2-tiny,segmentation,000000000241,6075.974559993483,640,2026-07-01
cpu,sam2-tiny,segmentation,000000000247,5848.725852993084,640,2026-07-01
cpu,sam2-tiny,segmentation,000000000250,6328.161011013435,640,2026-07-01
cpu,sam2-tiny,segmentation,000000000257,5796.554239001125,640,2026-07-01
cpu,sam2-tiny,segmentation,000000000260,5955.637997016311,640,2026-07-01
cpu,sam2-tiny,segmentation,000000000263,6059.171569999307,640,2026-07-01
cpu,sam2-tiny,segmentation,000000000283,6007.803232001606,640,2026-07-01
cpu,sam2-tiny,segmentation,000000000294,6155.528544011759,640,2026-07-01
cpu,sam2-tiny,segmentation,000000000307,5870.106749993283,640,2026-07-01
cpu,sam2-tiny,segmentation,000000000308,6066.833166987635,640,2026-07-01
cpu,sam2-tiny,segmentation,000000000309,5791.847871005302,640,2026-07-01
cpu,sam2-tiny,segmentation,000000000312,6016.714850993594,640,2026-07-01
cpu,sam2-tiny,segmentation,000000000315,6475.555993994931,640,2026-07-01
cpu,sam2-tiny,segmentation,000000000321,5972.914157988271,640,2026-07-01
cpu,sam2-tiny,segmentation,000000000322,5992.071488988586,640,2026-07-01
cpu,sam2-tiny,segmentation,000000000326,5815.9700380056165,640,2026-07-01
cpu,sam2-tiny,segmentation,000000000328,5869.676267000614,640,2026-07-01
cpu,sam2-tiny,segmentation,000000000332,5951.550582016353,640,2026-07-01
cpu,sam2-tiny,segmentation,000000000338,5637.783671001671,640,2026-07-01
cpu,sam2-tiny,segmentation,000000000349,6422.608711000066,640,2026-07-01
cpu,sam2-tiny,segmentation,000000000357,5852.536844991846,640,2026-07-01
cpu,sam2-tiny,segmentation,000000000359,5619.984368997393,640,2026-07-01
cpu,sam2-tiny,segmentation,000000000360,6153.346078004688,640,2026-07-01
cpu,sam2-tiny,segmentation,000000000368,6313.336901977891,640,2026-07-01
cpu,sam2-tiny,segmentation,000000000370,6090.334414009703,640,2026-07-01
cpu,sam2-tiny,segmentation,000000000382,6047.915475006448,640,2026-07-01
cpu,sam2-tiny,segmentation,000000000384,5801.036552002188,640,2026-07-01
cpu,sam2-tiny,segmentation,000000000387,6105.0868809979875,640,2026-07-01
cpu,sam2-tiny,segmentation,000000000389,6019.170688989107,640,2026-07-01
cpu,sam2-tiny,segmentation,000000000394,5863.8765619834885,640,2026-07-01
cpu,sam2-tiny,segmentation,000000000395,5824.891324999044,640,2026-07-01
cpu,sam2-tiny,segmentation,000000000397,5707.138028985355,640,2026-07-01
cpu,sam2-tiny,segmentation,000000000400,5903.652759006945,640,2026-07-01
cpu,sam2-tiny,segmentation,000000000404,5862.473335990217,640,2026-07-01
cpu,sam2-tiny,segmentation,000000000415,5818.897110992111,640,2026-07-01
cpu,sam2-tiny,segmentation,000000000419,6037.89087801124,640,2026-07-01
cpu,sam2-tiny,segmentation,000000000428,5842.694910010323,640,2026-07-01
cpu,sam2-tiny,segmentation,000000000431,6002.43181901169,640,2026-07-01
cpu,sam2-tiny,segmentation,000000000436,6034.69728899654,640,2026-07-01
cpu,sam2-tiny,segmentation,000000000438,6352.457433997188,640,2026-07-01
cpu,sam2-tiny,segmentation,000000000443,6793.6653929937165,640,2026-07-01
cpu,sam2-tiny,segmentation,000000000446,6289.674154977547,640,2026-07-01
cpu,sam2-tiny,segmentation,000000000450,6103.224771999521,640,2026-07-01
cpu,sam2-tiny,segmentation,000000000459,5929.091658006655,640,2026-07-01
cpu,sam2-tiny,segmentation,000000000471,6001.187118992675,640,2026-07-01
cpu,sam2-tiny,segmentation,000000000472,5959.8479729902465,640,2026-07-01
cpu,sam2-tiny,segmentation,000000000474,7189.017481985502,640,2026-07-01
cpu,sam2-tiny,segmentation,000000000486,7790.288915013662,640,2026-07-01
cpu,sam2-tiny,segmentation,000000000488,7573.575371992774,640,2026-07-01
cpu,sam2-tiny,segmentation,000000000490,8048.305589996744,640,2026-07-01
cpu,sam2-tiny,segmentation,000000000491,8084.484275983414,640,2026-07-01
cpu,sam2-tiny,segmentation,000000000502,8694.70194898895,640,2026-07-01
cpu,sam2-tiny,segmentation,000000000508,7636.441842972999,640,2026-07-01
cpu,sam2-tiny,segmentation,000000000510,8666.591129993321,640,2026-07-01
cpu,sam2-tiny,segmentation,000000000514,7305.32815301558,640,2026-07-01
cpu,sam2-tiny,segmentation,000000000520,8183.966354990844,640,2026-07-01
cpu,sam2-tiny,segmentation,000000000529,8334.523767000064,640,2026-07-01
cpu,sam2-tiny,segmentation,000000000531,7563.377549988218,640,2026-07-01
cpu,sam2-tiny,segmentation,000000000532,6771.353559015552,640,2026-07-01
cpu,sam2-tiny,segmentation,000000000536,5907.388931984315,640,2026-07-01
cpu,rfdetr-nano,detection,000000000009,643.7667970021721,640,2026-07-01
cpu,rfdetr-nano,detection,000000000025,668.1975249957759,640,2026-07-01
cpu,rfdetr-nano,detection,000000000030,589.0793510188814,640,2026-07-01
cpu,rfdetr-nano,detection,000000000034,537.6636189757846,640,2026-07-01
cpu,rfdetr-nano,detection,000000000036,707.4158689938486,640,2026-07-01
cpu,rfdetr-nano,detection,000000000042,579.0392359776888,640,2026-07-01
cpu,rfdetr-nano,detection,000000000049,728.125295980135,640,2026-07-01
cpu,rfdetr-nano,detection,000000000061,772.5206650211476,640,2026-07-01
cpu,rfdetr-nano,detection,000000000064,698.9832799881697,640,2026-07-01
cpu,rfdetr-nano,detection,000000000071,690.5476899992209,640,2026-07-01
cpu,rfdetr-nano,detection,000000000072,738.7505399819929,640,2026-07-01
cpu,rfdetr-nano,detection,000000000073,771.6051839815918,640,2026-07-01
cpu,rfdetr-nano,detection,000000000074,611.0713999951258,640,2026-07-01
cpu,rfdetr-nano,detection,000000000077,634.3000049819238,640,2026-07-01
cpu,rfdetr-nano,detection,000000000078,699.9164159933571,640,2026-07-01
cpu,rfdetr-nano,detection,000000000081,546.1464690160938,640,2026-07-01
cpu,rfdetr-nano,detection,000000000086,661.148001003312,640,2026-07-01
cpu,rfdetr-nano,detection,000000000089,553.8039229868446,640,2026-07-01
cpu,rfdetr-nano,detection,000000000092,680.9870440047234,640,2026-07-01
cpu,rfdetr-nano,detection,000000000094,764.380106003955,640,2026-07-01
cpu,rfdetr-nano,detection,000000000109,614.7477630001958,640,2026-07-01
cpu,rfdetr-nano,detection,000000000110,648.1960980163421,640,2026-07-01
cpu,rfdetr-nano,detection,000000000113,726.5296800178476,640,2026-07-01
cpu,rfdetr-nano,detection,000000000127,627.1641050116159,640,2026-07-01
cpu,rfdetr-nano,detection,000000000133,559.4587720115669,640,2026-07-01
cpu,rfdetr-nano,detection,000000000136,651.6553300025407,640,2026-07-01
cpu,rfdetr-nano,detection,000000000138,569.4394489983097,640,2026-07-01
cpu,rfdetr-nano,detection,000000000142,635.6613579846453,640,2026-07-01
cpu,rfdetr-nano,detection,000000000143,577.1677349985112,640,2026-07-01
cpu,rfdetr-nano,detection,000000000144,694.6605539997108,640,2026-07-01
cpu,rfdetr-nano,detection,000000000149,682.329306990141,640,2026-07-01
cpu,rfdetr-nano,detection,000000000151,527.92247798061,640,2026-07-01
cpu,rfdetr-nano,detection,000000000154,622.0993809984066,640,2026-07-01
cpu,rfdetr-nano,detection,000000000164,733.2760560093448,640,2026-07-01
cpu,rfdetr-nano,detection,000000000165,554.5016420073807,640,2026-07-01
cpu,rfdetr-nano,detection,000000000192,620.1104450155981,640,2026-07-01
cpu,rfdetr-nano,detection,000000000194,613.1898530002218,640,2026-07-01
cpu,rfdetr-nano,detection,000000000196,586.9648270017933,640,2026-07-01
cpu,rfdetr-nano,detection,000000000201,686.0740179836284,640,2026-07-01
cpu,rfdetr-nano,detection,000000000208,548.1398769770749,640,2026-07-01
cpu,rfdetr-nano,detection,000000000241,668.4888119925745,640,2026-07-01
cpu,rfdetr-nano,detection,000000000247,633.8076810061466,640,2026-07-01
cpu,rfdetr-nano,detection,000000000250,553.3942529873457,640,2026-07-01
cpu,rfdetr-nano,detection,000000000257,665.2589120203629,640,2026-07-01
cpu,rfdetr-nano,detection,000000000260,593.3606550097466,640,2026-07-01
cpu,rfdetr-nano,detection,000000000263,625.2986759936903,640,2026-07-01
cpu,rfdetr-nano,detection,000000000283,726.4382549910806,640,2026-07-01
cpu,rfdetr-nano,detection,000000000294,636.3862130092457,640,2026-07-01
cpu,rfdetr-nano,detection,000000000307,752.4647329992149,640,2026-07-01
cpu,rfdetr-nano,detection,000000000308,662.6044770237058,640,2026-07-01
cpu,rfdetr-nano,detection,000000000309,582.6048049784731,640,2026-07-01
cpu,rfdetr-nano,detection,000000000312,603.4224829927552,640,2026-07-01
cpu,rfdetr-nano,detection,000000000315,690.3517200262286,640,2026-07-01
cpu,rfdetr-nano,detection,000000000321,568.9301629900001,640,2026-07-01
cpu,rfdetr-nano,detection,000000000322,641.9263130228501,640,2026-07-01
cpu,rfdetr-nano,detection,000000000326,638.5591699799988,640,2026-07-01
cpu,rfdetr-nano,detection,000000000328,668.1503359868657,640,2026-07-01
cpu,rfdetr-nano,detection,000000000332,777.7643190056551,640,2026-07-01
cpu,rfdetr-nano,detection,000000000338,718.8110490096733,640,2026-07-01
cpu,rfdetr-nano,detection,000000000349,585.6979690142907,640,2026-07-01
cpu,rfdetr-nano,detection,000000000357,629.5770019933116,640,2026-07-01
cpu,rfdetr-nano,detection,000000000359,658.0530279898085,640,2026-07-01
cpu,rfdetr-nano,detection,000000000360,596.2791320052929,640,2026-07-01
cpu,rfdetr-nano,detection,000000000368,729.8411600058898,640,2026-07-01
cpu,rfdetr-nano,detection,000000000370,701.3374399975874,640,2026-07-01
cpu,rfdetr-nano,detection,000000000382,689.2828939890023,640,2026-07-01
cpu,rfdetr-nano,detection,000000000384,598.6481459985953,640,2026-07-01
cpu,rfdetr-nano,detection,000000000387,616.3604080211371,640,2026-07-01
cpu,rfdetr-nano,detection,000000000389,587.0375550002791,640,2026-07-01
cpu,rfdetr-nano,detection,000000000394,708.7969100102782,640,2026-07-01
cpu,rfdetr-nano,detection,000000000395,620.2385209908243,640,2026-07-01
cpu,rfdetr-nano,detection,000000000397,634.8197470069863,640,2026-07-01
cpu,rfdetr-nano,detection,000000000400,656.1101530096494,640,2026-07-01
cpu,rfdetr-nano,detection,000000000404,516.433425975265,640,2026-07-01
cpu,rfdetr-nano,detection,000000000415,717.8293770120945,640,2026-07-01
cpu,rfdetr-nano,detection,000000000419,713.4999580157455,640,2026-07-01
cpu,rfdetr-nano,detection,000000000428,598.2355299929623,640,2026-07-01
cpu,rfdetr-nano,detection,000000000431,702.9061979847029,640,2026-07-01
cpu,rfdetr-nano,detection,000000000436,954.1825150081422,640,2026-07-01
cpu,rfdetr-nano,detection,000000000438,908.5004469961859,640,2026-07-01
cpu,rfdetr-nano,detection,000000000443,1236.867858999176,640,2026-07-01
cpu,rfdetr-nano,detection,000000000446,1005.330831016181,640,2026-07-01
cpu,rfdetr-nano,detection,000000000450,1047.3597350064665,640,2026-07-01
cpu,rfdetr-nano,detection,000000000459,903.1467610038817,640,2026-07-01
cpu,rfdetr-nano,detection,000000000471,937.9894419980701,640,2026-07-01
cpu,rfdetr-nano,detection,000000000472,937.6396159932483,640,2026-07-01
cpu,rfdetr-nano,detection,000000000474,1070.7162990001962,640,2026-07-01
cpu,rfdetr-nano,detection,000000000486,1166.8695080152247,640,2026-07-01
cpu,rfdetr-nano,detection,000000000488,1376.4258880109992,640,2026-07-01
cpu,rfdetr-nano,detection,000000000490,783.5049779969268,640,2026-07-01
cpu,rfdetr-nano,detection,000000000491,748.1980510056019,640,2026-07-01
cpu,rfdetr-nano,detection,000000000502,869.695598987164,640,2026-07-01
cpu,rfdetr-nano,detection,000000000508,1067.8961709782016,640,2026-07-01
cpu,rfdetr-nano,detection,000000000510,995.5160820099991,640,2026-07-01
cpu,rfdetr-nano,detection,000000000514,997.2003470174968,640,2026-07-01
cpu,rfdetr-nano,detection,000000000520,1216.8907749874052,640,2026-07-01
cpu,rfdetr-nano,detection,000000000529,947.5272390118334,640,2026-07-01
cpu,rfdetr-nano,detection,000000000531,802.9725030064583,640,2026-07-01
cpu,rfdetr-nano,detection,000000000532,826.162924990058,640,2026-07-01
cpu,rfdetr-nano,detection,000000000536,633.5093050147407,640,2026-07-01
cpu,yolo-world,detection,000000000009,1177.5139459932689,640,2026-07-01
cpu,yolo-world,detection,000000000025,1255.2474570111372,640,2026-07-01
cpu,yolo-world,detection,000000000030,1233.377777010901,640,2026-07-01
cpu,yolo-world,detection,000000000034,1376.979416992981,640,2026-07-01
cpu,yolo-world,detection,000000000036,1179.3491119751707,640,2026-07-01
cpu,yolo-world,detection,000000000042,1224.0122630028054,640,2026-07-01
cpu,yolo-world,detection,000000000049,1763.8823649904225,640,2026-07-01
cpu,yolo-world,detection,000000000061,1491.4282959944103,640,2026-07-01
cpu,yolo-world,detection,000000000064,1247.211112990044,640,2026-07-01
cpu,yolo-world,detection,000000000071,1245.3923169814516,640,2026-07-01
cpu,yolo-world,detection,000000000072,1237.5788310018834,640,2026-07-01
cpu,yolo-world,detection,000000000073,1387.1965869911946,640,2026-07-01
cpu,yolo-world,detection,000000000074,1264.4773609936237,640,2026-07-01
cpu,yolo-world,detection,000000000077,1166.8507269932888,640,2026-07-01
cpu,yolo-world,detection,000000000078,1312.4055129883345,640,2026-07-01
cpu,yolo-world,detection,000000000081,1228.891601000214,640,2026-07-01
cpu,yolo-world,detection,000000000086,1325.5474369798321,640,2026-07-01
cpu,yolo-world,detection,000000000089,1311.8487239989918,640,2026-07-01
cpu,yolo-world,detection,000000000092,1278.9372980187181,640,2026-07-01
cpu,yolo-world,detection,000000000094,1283.1878869910724,640,2026-07-01
cpu,yolo-world,detection,000000000109,1239.8428060114384,640,2026-07-01
cpu,yolo-world,detection,000000000110,1269.9800440168474,640,2026-07-01
cpu,yolo-world,detection,000000000113,1302.5746399944182,640,2026-07-01
cpu,yolo-world,detection,000000000127,1277.833792992169,640,2026-07-01
cpu,yolo-world,detection,000000000133,1198.56032601092,640,2026-07-01
cpu,yolo-world,detection,000000000136,1319.9201320239808,640,2026-07-01
cpu,yolo-world,detection,000000000138,1518.3898670074996,640,2026-07-01
cpu,yolo-world,detection,000000000142,1382.9351980239153,640,2026-07-01
cpu,yolo-world,detection,000000000143,1586.1952849954832,640,2026-07-01
cpu,yolo-world,detection,000000000144,1564.3319119990338,640,2026-07-01
cpu,yolo-world,detection,000000000149,1492.2049439919647,640,2026-07-01
cpu,yolo-world,detection,000000000151,1450.4576020117383,640,2026-07-01
cpu,yolo-world,detection,000000000154,3341.1507869896013,640,2026-07-01
cpu,yolo-world,detection,000000000164,2434.812164021423,640,2026-07-01
cpu,yolo-world,detection,000000000165,1875.7852819981053,640,2026-07-01
cpu,yolo-world,detection,000000000192,2543.129018973559,640,2026-07-01
cpu,yolo-world,detection,000000000194,2376.3430030085146,640,2026-07-01
cpu,yolo-world,detection,000000000196,2009.049671003595,640,2026-07-01
cpu,yolo-world,detection,000000000201,1999.337696004659,640,2026-07-01
cpu,yolo-world,detection,000000000208,2170.604931015987,640,2026-07-01
cpu,yolo-world,detection,000000000241,2809.2855119903106,640,2026-07-01
cpu,yolo-world,detection,000000000247,2103.8390950125176,640,2026-07-01
cpu,yolo-world,detection,000000000250,3064.4586969865486,640,2026-07-01
cpu,yolo-world,detection,000000000257,2675.936386018293,640,2026-07-01
cpu,yolo-world,detection,000000000260,2600.080453994451,640,2026-07-01
cpu,yolo-world,detection,000000000263,2166.855604999,640,2026-07-01
cpu,yolo-world,detection,000000000283,2926.238816988189,640,2026-07-01
cpu,yolo-world,detection,000000000294,2538.23144902708,640,2026-07-01
cpu,yolo-world,detection,000000000307,1836.330944992369,640,2026-07-01
cpu,yolo-world,detection,000000000308,2113.279726007022,640,2026-07-01
cpu,yolo-world,detection,000000000309,2369.473780010594,640,2026-07-01
cpu,yolo-world,detection,000000000312,2845.1665000175126,640,2026-07-01
cpu,yolo-world,detection,000000000315,2184.032446006313,640,2026-07-01
cpu,yolo-world,detection,000000000321,1986.2324459827505,640,2026-07-01
cpu,yolo-world,detection,000000000322,1770.124177011894,640,2026-07-01
cpu,yolo-world,detection,000000000326,3179.1450009914115,640,2026-07-01
cpu,yolo-world,detection,000000000328,1798.4061030147132,640,2026-07-01
cpu,yolo-world,detection,000000000332,1921.124911023071,640,2026-07-01
cpu,yolo-world,detection,000000000338,1848.7662010011263,640,2026-07-01
cpu,yolo-world,detection,000000000349,1399.904724006774,640,2026-07-01
cpu,yolo-world,detection,000000000357,1714.3989989999682,640,2026-07-01
cpu,yolo-world,detection,000000000359,1467.9845870123245,640,2026-07-01
cpu,yolo-world,detection,000000000360,1345.634651981527,640,2026-07-01
cpu,yolo-world,detection,000000000368,1221.4464110147674,640,2026-07-01
cpu,yolo-world,detection,000000000370,1741.2021899945103,640,2026-07-01
cpu,yolo-world,detection,000000000382,1451.4151939947624,640,2026-07-01
cpu,yolo-world,detection,000000000384,1471.3868329999968,640,2026-07-01
cpu,yolo-world,detection,000000000387,1433.64702098188,640,2026-07-01
cpu,yolo-world,detection,000000000389,1434.4696739863139,640,2026-07-01
cpu,yolo-world,detection,000000000394,1378.1798059935682,640,2026-07-01
cpu,yolo-world,detection,000000000395,1248.7832359911408,640,2026-07-01
cpu,yolo-world,detection,000000000397,1537.373700994067,640,2026-07-01
cpu,yolo-world,detection,000000000400,1254.9952859990299,640,2026-07-01
cpu,yolo-world,detection,000000000404,1345.6408310157713,640,2026-07-01
cpu,yolo-world,detection,000000000415,1680.558869993547,640,2026-07-01
cpu,yolo-world,detection,000000000419,1792.921149986796,640,2026-07-01
cpu,yolo-world,detection,000000000428,1274.1263069910929,640,2026-07-01
cpu,yolo-world,detection,000000000431,1344.8687899799552,640,2026-07-01
cpu,yolo-world,detection,000000000436,1445.3706829808652,640,2026-07-01
cpu,yolo-world,detection,000000000438,1452.5223540258594,640,2026-07-01
cpu,yolo-world,detection,000000000443,1409.5900240063202,640,2026-07-01
cpu,yolo-world,detection,000000000446,1278.2071169931442,640,2026-07-01
cpu,yolo-world,detection,000000000450,1281.212437985232,640,2026-07-01
cpu,yolo-world,detection,000000000459,1402.9271740000695,640,2026-07-01
cpu,yolo-world,detection,000000000471,1399.9788149958476,640,2026-07-01
cpu,yolo-world,detection,000000000472,1379.5465799921658,640,2026-07-01
cpu,yolo-world,detection,000000000474,1432.093453971902,640,2026-07-01
cpu,yolo-world,detection,000000000486,1369.550626986893,640,2026-07-01
cpu,yolo-world,detection,000000000488,1420.808435010258,640,2026-07-01
cpu,yolo-world,detection,000000000490,1327.7561409922782,640,2026-07-01
cpu,yolo-world,detection,000000000491,1809.7251730214339,640,2026-07-01
cpu,yolo-world,detection,000000000502,1541.084668977419,640,2026-07-01
cpu,yolo-world,detection,000000000508,1525.792600994464,640,2026-07-01
cpu,yolo-world,detection,000000000510,1452.797850011848,640,2026-07-01
cpu,yolo-world,detection,000000000514,1409.9549569946248,640,2026-07-01
cpu,yolo-world,detection,000000000520,1260.19038099912,640,2026-07-01
cpu,yolo-world,detection,000000000529,1622.0881220069714,640,2026-07-01
cpu,yolo-world,detection,000000000531,1268.4840899892151,640,2026-07-01
cpu,yolo-world,detection,000000000532,1376.2367310118861,640,2026-07-01
cpu,yolo-world,detection,000000000536,1351.6453220217954,640,2026-07-01
cpu,mask2former,segmentation,000000000009,3813.6688389931805,640,2026-07-02
cpu,mask2former,segmentation,000000000025,3299.270251998678,640,2026-07-02
cpu,mask2former,segmentation,000000000030,3552.564593992429,640,2026-07-02
cpu,mask2former,segmentation,000000000034,3163.9467570057604,640,2026-07-02
cpu,mask2former,segmentation,000000000036,3349.9782970175147,640,2026-07-02
cpu,mask2former,segmentation,000000000042,3216.2648660014383,640,2026-07-02
cpu,mask2former,segmentation,000000000049,3577.510036993772,640,2026-07-02
cpu,mask2former,segmentation,000000000061,3289.5239380013663,640,2026-07-02
cpu,mask2former,segmentation,000000000064,3343.824923009379,640,2026-07-02
cpu,mask2former,segmentation,000000000071,3415.7631550042424,640,2026-07-02
cpu,mask2former,segmentation,000000000072,3193.6029590142425,640,2026-07-02
cpu,mask2former,segmentation,000000000073,3055.6491110182833,640,2026-07-02
cpu,mask2former,segmentation,000000000074,3114.108693000162,640,2026-07-02
cpu,mask2former,segmentation,000000000077,3320.553691009991,640,2026-07-02
cpu,mask2former,segmentation,000000000078,3143.997095001396,640,2026-07-02
cpu,mask2former,segmentation,000000000081,3194.92338001146,640,2026-07-02
cpu,mask2former,segmentation,000000000086,3274.82772199437,640,2026-07-02
cpu,mask2former,segmentation,000000000089,3724.948566989042,640,2026-07-02
cpu,mask2former,segmentation,000000000092,3695.636921998812,640,2026-07-02
cpu,mask2former,segmentation,000000000094,3267.686705017695,640,2026-07-02
cpu,mask2former,segmentation,000000000109,3526.124146010261,640,2026-07-02
cpu,mask2former,segmentation,000000000110,3397.504526976263,640,2026-07-02
cpu,mask2former,segmentation,000000000113,3782.647284999257,640,2026-07-02
cpu,mask2former,segmentation,000000000127,3279.417811019812,640,2026-07-02
cpu,mask2former,segmentation,000000000133,3042.819030000828,640,2026-07-02
cpu,mask2former,segmentation,000000000136,3181.5279200091027,640,2026-07-02
cpu,mask2former,segmentation,000000000138,3304.3198969971854,640,2026-07-02
cpu,mask2former,segmentation,000000000142,3668.451220000861,640,2026-07-02
cpu,mask2former,segmentation,000000000143,3185.7686869916506,640,2026-07-02
cpu,mask2former,segmentation,000000000144,3241.424293984892,640,2026-07-02
cpu,mask2former,segmentation,000000000149,3300.5008949839976,640,2026-07-02
cpu,mask2former,segmentation,000000000151,3207.3301280033775,640,2026-07-02
cpu,mask2former,segmentation,000000000154,3077.7813280001283,640,2026-07-02
cpu,mask2former,segmentation,000000000164,3479.0717380237766,640,2026-07-02
cpu,mask2former,segmentation,000000000165,3096.0893089941237,640,2026-07-02
cpu,mask2former,segmentation,000000000192,3325.4188230203,640,2026-07-02
cpu,mask2former,segmentation,000000000194,3570.5401769955643,640,2026-07-02
cpu,mask2former,segmentation,000000000196,3387.4949809978716,640,2026-07-02
cpu,mask2former,segmentation,000000000201,3260.20053299726,640,2026-07-02
cpu,mask2former,segmentation,000000000208,2930.7714020251296,640,2026-07-02
cpu,mask2former,segmentation,000000000241,3020.218831981765,640,2026-07-02
cpu,mask2former,segmentation,000000000247,3200.827405002201,640,2026-07-02
cpu,mask2former,segmentation,000000000250,3082.9350929998327,640,2026-07-02
cpu,mask2former,segmentation,000000000257,3159.7576049971394,640,2026-07-02
cpu,mask2former,segmentation,000000000260,3122.1095859946217,640,2026-07-02
cpu,mask2former,segmentation,000000000263,3142.7394050115254,640,2026-07-02
cpu,mask2former,segmentation,000000000283,3214.294904988492,640,2026-07-02
cpu,mask2former,segmentation,000000000294,3326.0079020110425,640,2026-07-02
cpu,mask2former,segmentation,000000000307,3331.9901379873045,640,2026-07-02
cpu,mask2former,segmentation,000000000308,3264.4649669819046,640,2026-07-02
cpu,mask2former,segmentation,000000000309,2982.318516995292,640,2026-07-02
cpu,mask2former,segmentation,000000000312,3728.8840310066007,640,2026-07-02
cpu,mask2former,segmentation,000000000315,3623.5832829843275,640,2026-07-02
cpu,mask2former,segmentation,000000000321,3295.0306580169126,640,2026-07-02
cpu,mask2former,segmentation,000000000322,3258.174032001989,640,2026-07-02
cpu,mask2former,segmentation,000000000326,3547.4569979996886,640,2026-07-02
cpu,mask2former,segmentation,000000000328,3521.5285290032625,640,2026-07-02
cpu,mask2former,segmentation,000000000332,3578.3409120049328,640,2026-07-02
cpu,mask2former,segmentation,000000000338,3262.718527985271,640,2026-07-02
cpu,mask2former,segmentation,000000000349,3603.4862129890826,640,2026-07-02
cpu,mask2former,segmentation,000000000357,3648.567592987092,640,2026-07-02
cpu,mask2former,segmentation,000000000359,2915.151320019504,640,2026-07-02
cpu,mask2former,segmentation,000000000360,3213.944372982951,640,2026-07-02
cpu,mask2former,segmentation,000000000368,3451.674375013681,640,2026-07-02
cpu,mask2former,segmentation,000000000370,3777.163049002411,640,2026-07-02
cpu,mask2former,segmentation,000000000382,3287.925213982817,640,2026-07-02
cpu,mask2former,segmentation,000000000384,3752.0174240053166,640,2026-07-02
cpu,mask2former,segmentation,000000000387,3224.222018994624,640,2026-07-02
cpu,mask2former,segmentation,000000000389,3343.4231010032818,640,2026-07-02
cpu,mask2former,segmentation,000000000394,3009.6395350119565,640,2026-07-02
cpu,mask2former,segmentation,000000000395,3364.683892024914,640,2026-07-02
cpu,mask2former,segmentation,000000000397,3299.044906976633,640,2026-07-02
cpu,mask2former,segmentation,000000000400,3714.1460459970403,640,2026-07-02
cpu,mask2former,segmentation,000000000404,3320.383021986345,640,2026-07-02
cpu,mask2former,segmentation,000000000415,3555.055369011825,640,2026-07-02
cpu,mask2former,segmentation,000000000419,4045.4676169902086,640,2026-07-02
cpu,mask2former,segmentation,000000000428,3568.746610020753,640,2026-07-02
cpu,mask2former,segmentation,000000000431,3419.461607001722,640,2026-07-02
cpu,mask2former,segmentation,000000000436,3256.3504810095765,640,2026-07-02
cpu,mask2former,segmentation,000000000438,3220.7125409913715,640,2026-07-02
cpu,mask2former,segmentation,000000000443,3416.278605000116,640,2026-07-02
cpu,mask2former,segmentation,000000000446,3755.8197769976687,640,2026-07-02
cpu,mask2former,segmentation,000000000450,3744.571860996075,640,2026-07-02
cpu,mask2former,segmentation,000000000459,3982.961522997357,640,2026-07-02
cpu,mask2former,segmentation,000000000471,3372.543629986467,640,2026-07-02
cpu,mask2former,segmentation,000000000472,3047.164479008643,640,2026-07-02
cpu,mask2former,segmentation,000000000474,3672.8294390195515,640,2026-07-02
cpu,mask2former,segmentation,000000000486,3583.5270079842303,640,2026-07-02
cpu,mask2former,segmentation,000000000488,3861.2187420076225,640,2026-07-02
cpu,mask2former,segmentation,000000000490,3906.4257479913067,640,2026-07-02
cpu,mask2former,segmentation,000000000491,3484.004279016517,640,2026-07-02
cpu,mask2former,segmentation,000000000502,3324.5455200085416,640,2026-07-02
cpu,mask2former,segmentation,000000000508,3539.530009991722,640,2026-07-02
cpu,mask2former,segmentation,000000000510,3232.5112730031833,640,2026-07-02
cpu,mask2former,segmentation,000000000514,3385.673779004719,640,2026-07-02
cpu,mask2former,segmentation,000000000520,3564.4942320068367,640,2026-07-02
cpu,mask2former,segmentation,000000000529,3170.454222999979,640,2026-07-02
cpu,mask2former,segmentation,000000000531,3775.079590996029,640,2026-07-02
cpu,mask2former,segmentation,000000000532,3035.521559009794,640,2026-07-02
cpu,mask2former,segmentation,000000000536,3206.282444007229,640,2026-07-02
